first_name,last_name
MARY,SMITH
LINDA,WILLIAMS
MARIA,MILLER
MARGARET,MOORE
MICHELLE,CLARK
KIMBERLY,LEE
SHIRLEY,ALLEN
AMY,LOPEZ
KATHLEEN,ADAMS
MARTHA,GONZALEZ
EVELYN,MORGAN
CHERYL,MURPHY
MILDRED,BAILEY
JACQUELINE,LONG
JULIA,FLORES
LOIS,BUTLER
NORMA,GONZALES
GLADYS,HAMILTON
THELMA,MURRAY
SHEILA,WELLS
ELLEN,SIMPSON
LUCILLE,HOLMES
VALERIE,BLACK
DANIELLE,DANIELS
MEGAN,PALMER
ALICIA,MILLS
MELANIE,ARMSTRONG
LAURIE,LAWRENCE
ELSIE,KELLEY
ROSEMARY,SCHMIDT
LUCY,WHEELER
ELLA,OLIVER
NATALIE,MEYER
WILLIE,HOWELL
CHARLENE,ALVAREZ
MAUREEN,LITTLE
ALLISON,STANLEY
LILLIE,KIM
CLAUDIA,FULLER
MINNIE,ROMERO
MARLENE,WELCH
MARIAN,MENDOZA
STELLA,MORENO
CAROLINE,BOWMAN
MATTIE,HOFFMAN
MAXINE,SILVA
MABEL,HOLLAND
MARSHA,DOUGLAS
MYRTLE,FLEMING
GWENDOLYN,MAY
PRISCILLA,LOWE
OLGA,JIMENEZ
MIRIAM,MCKINNEY
VELMA,LUCAS
MISTY,LAMBERT
MAE,FLETCHER
RAMONA,HALE
MICHAEL,SILVERMAN
WILLIAM,SATTERFIELD
CHARLES,KOWALSKI
DANIEL,CABRAL
DONALD,MAHON
MATTHEW,MAHAN
RAYMOND,MCWHORTER
WALTER,PERRYMAN
HAROLD,MARTINO
GERALD,FULTZ
SAMUEL,MARLOW
WILLIE,MARKHAM
RALPH,MADRIGAL
LAWRENCE,LAWTON
NICHOLAS,BARFIELD
BILLY,POULIN
LOUIS,LEONE
CARLOS,COUGHLIN
MARTIN,BALES
PHILLIP,HOLM
CLARENCE,GAMEZ
LEONARD,SCHOFIELD
DALE,RATCLIFF
MANUEL,MURRELL
ALLEN,BUTTERFIELD
GLENN,PULLEN
MELVIN,ELLINGTON
ALFRED,CASILLAS
KYLE,SPURLOCK
BRADLEY,MOTLEY
RANDALL,NEUMANN
ALEXANDER,FENNELL
MARIO,CHEATHAM
LEROY,BUSTAMANTE
MARCUS,HIDALGO
MICHEAL,FORMAN
TOM,MILNER
CALVIN,MARTEL
ALEX,GRESHAM
TOMMY,COLLAZO
ALVIN,DELOACH
WESLEY,BULL
LEWIS,LYMAN
MAURICE,CRAWLEY
GLEN,TALBERT
SAM,MCDUFFIE
GILBERT,SLEDGE
MARC,OUTLAW
ANGEL,BARCLAY
NATHANIEL,ADAM
MILTON,HOWLAND
FRANKLIN,TROUTMAN
MITCHELL,WESTMORELAND
KARL,SEAL
MATHEW,BOLIN
LANCE,PEMBERTON
JULIO,NOLAND
JIMMIE,EGGLESTON
WALLACE,SLONE
JAIME,NETTLES
ALFREDO,MCADAMS
MORRIS,MCCARTER
CLIFTON,MALCOLM
WILLARD,LUMPKIN
DARYL,LARUE
SALVADOR,TEEL
MARION,OCAMPO
